{
	"name": "ДедМороз",
	"birthday": "18.11.1901",
	"phone": "+7(817)382-0484",
	"email": "Дед-Мороз_777@россия-вологда.рф",
	"town": "Вологда",
  	"text": "Почта Деда Мороза.\n\nИменно сюда приходят Ваши многочисленные письма, где Дед Мороз их читает и вместе с помощниками сортирует. Здесь можно проследить всю географию Ваших посланий и убедиться, что все они доходят до адресата."
}